{
      "Inflatable": {
            "O2": 20428.81643102357,
            "CO2": 0.0,
            "H2O": 0.0,
            "N2": 56583.96702026905,
            "Other": 77.08987332461724
      },
      "PotableWaterStore": {
            "H2O": 1000
      }
}